Data,Otwarcie,Najwyzszy,Najnizszy,Zamkniecie
2017-04-03,1.00263,1.00371,1.0008,1.00164
2017-04-04,1.00164,1.00375,1.00119,1.00183
2017-04-05,1.00172,1.00791,1.00124,1.0043
2017-04-06,1.00425,1.00674,1.00272,1.00532
2017-04-07,1.00532,1.00965,1.0029,1.00879
2017-04-10,1.00962,1.01073,1.00751,1.00864
2017-04-11,1.00869,1.00941,1.00569,1.00735
2017-04-12,1.00735,1.00889,1.00215,1.00287
2017-04-13,1.00271,1.00667,1.001,1.00524
2017-04-14,1.00524,1.00598,1.00288,1.00486
2017-04-17,1.00518,1.00581,1.00102,1.00409
2017-04-18,1.00407,1.0048,0.99557,0.99622
2017-04-19,0.99622,0.99921,0.9957,0.99822
2017-04-20,0.99823,0.9988,0.99407,0.9985
2017-04-21,0.9988,0.99996,0.99649,0.99748
2017-04-24,0.99107,0.99806,0.99086,0.99583
2017-04-25,0.99581,0.997,0.99188,0.99362
2017-04-26,0.99358,0.99686,0.99197,0.99309
2017-04-27,0.99315,0.99636,0.99205,0.99409
2017-04-28,0.99415,0.99582,0.98938,0.99504
2017-05-02,0.99633,0.99633,0.99124,0.99171
2017-05-03,0.99173,0.99484,0.98912,0.99425
2017-05-04,0.99454,0.99569,0.98627,0.98662
2017-05-05,0.98612,0.99031,0.98591,0.98686
2017-05-08,0.98831,0.99915,0.988,0.99898
2017-05-09,0.99891,1.00906,0.99782,1.0072
2017-05-10,1.00719,1.00949,1.00487,1.00862
2017-05-11,1.00862,1.00999,1.00568,1.00787
2017-05-12,1.0078,1.00858,0.99882,1.00109
2017-05-15,1.00049,1.00184,0.99582,0.99634
2017-05-16,0.99627,0.99644,0.9848,0.98609
2017-05-17,0.98579,0.98579,0.97746,0.97857
2017-05-18,0.97807,0.9825,0.97594,0.98017
2017-05-19,0.98018,0.98052,0.97263,0.97321
2017-05-22,0.97338,0.97652,0.9692,0.97328
2017-05-23,0.9733,0.97633,0.9702,0.97602
2017-05-24,0.97601,0.97761,0.97284,0.97372
2017-05-25,0.97373,0.97391,0.97006,0.97283
2017-05-26,0.97287,0.97611,0.96965,0.97481
2017-05-29,0.97488,0.97842,0.97316,0.97835
2017-05-30,0.97835,0.98074,0.97378,0.97532
2017-05-31,0.97532,0.97611,0.967,0.96768
2017-06-01,0.96779,0.97196,0.96706,0.97141
2017-06-02,0.97141,0.9719,0.96239,0.96243
2017-06-05,0.96329,0.96638,0.96282,0.96515
2017-06-06,0.96505,0.96535,0.9614,0.96192
2017-06-07,0.96192,0.96773,0.96182,0.96489
2017-06-08,0.96489,0.96959,0.96402,0.9679
2017-06-09,0.96776,0.97273,0.96755,0.96922
2017-06-12,0.96902,0.96948,0.96702,0.96858
2017-06-13,0.96861,0.97009,0.96625,0.96886
2017-06-14,0.96887,0.97355,0.96415,0.97123
2017-06-15,0.97125,0.97704,0.97038,0.97539
2017-06-16,0.97544,0.97573,0.97271,0.97278
2017-06-19,0.97281,0.97596,0.96958,0.9756
2017-06-20,0.9756,0.97664,0.97259,0.97482
2017-06-21,0.97489,0.97537,0.97223,0.97241
2017-06-22,0.97245,0.97428,0.97125,0.97182
2017-06-23,0.97191,0.97209,0.96763,0.96928
2017-06-26,0.96936,0.97383,0.96874,0.972
2017-06-27,0.972,0.97331,0.95923,0.96041
2017-06-28,0.96046,0.96473,0.958,0.95974
2017-06-29,0.95973,0.95993,0.95565,0.95595
2017-06-30,0.95595,0.95985,0.9553,0.959
2017-07-03,0.95883,0.96427,0.95852,0.96375
2017-07-04,0.96375,0.96597,0.96219,0.96531
2017-07-05,0.96523,0.96877,0.9635,0.96394
2017-07-06,0.96395,0.96603,0.95947,0.96046
2017-07-07,0.9606,0.96543,0.96017,0.9638
2017-07-10,0.96387,0.96753,0.96306,0.96576
2017-07-11,0.96586,0.96961,0.96249,0.96377
2017-07-12,0.96376,0.96619,0.96028,0.96534
2017-07-13,0.96547,0.96874,0.96158,0.9667
2017-07-14,0.9667,0.97008,0.96291,0.96354
2017-07-17,0.96353,0.96588,0.95951,0.96223
2017-07-18,0.96221,0.96347,0.9524,0.95507
2017-07-19,0.95507,0.95609,0.95294,0.95536
2017-07-20,0.95537,0.96199,0.94947,0.95117
2017-07-21,0.95117,0.95229,0.94393,0.94525
2017-07-24,0.94525,0.94752,0.94458,0.94714
2017-07-25,0.94711,0.95257,0.94558,0.95247
2017-07-26,0.95243,0.95954,0.94993,0.95011
2017-07-27,0.95011,0.9662,0.94908,0.96525
2017-07-28,0.96521,0.97266,0.96348,0.96853
2017-07-31,0.96957,0.97129,0.96373,0.96688
2017-08-01,0.96688,0.96834,0.96319,0.96535
2017-08-02,0.96535,0.97137,0.96491,0.9704
2017-08-03,0.97039,0.97171,0.96722,0.96832
2017-08-04,0.96833,0.9764,0.96715,0.97288
2017-08-07,0.97279,0.97465,0.97115,0.97298
2017-08-08,0.97301,0.97719,0.97101,0.97365
2017-08-09,0.97362,0.97369,0.96137,0.96362
2017-08-10,0.96362,0.96748,0.9619,0.96223
2017-08-11,0.96226,0.96377,0.95839,0.9614
2017-08-14,0.96248,0.97326,0.962,0.97226
2017-08-15,0.97226,0.9759,0.97024,0.9723
2017-08-16,0.9723,0.97655,0.96487,0.96549
2017-08-17,0.96548,0.96986,0.96056,0.96264
2017-08-18,0.96256,0.96698,0.95867,0.96545
2017-08-21,0.96518,0.96851,0.96009,0.96197
2017-08-22,0.96198,0.96888,0.96181,0.96796
2017-08-23,0.96797,0.96977,0.96418,0.96501
2017-08-24,0.9651,0.96688,0.96205,0.96523
2017-08-25,0.96522,0.96628,0.95509,0.95615
2017-08-28,0.95522,0.95773,0.95194,0.952
2017-08-29,0.952,0.95607,0.94294,0.95515
2017-08-30,0.95514,0.96458,0.95395,0.96253
2017-08-31,0.96255,0.96798,0.95779,0.95816
2017-09-01,0.95834,0.96526,0.95475,0.96461
2017-09-04,0.95969,0.96179,0.95523,0.95799
2017-09-05,0.95799,0.96144,0.95345,0.95535
2017-09-06,0.95534,0.95825,0.95282,0.95636
2017-09-07,0.95635,0.95947,0.94946,0.95062
2017-09-08,0.95062,0.95071,0.94215,0.94535
2017-09-11,0.94685,0.95692,0.94652,0.95607
2017-09-12,0.95606,0.96183,0.95469,0.9602
2017-09-13,0.96026,0.96608,0.95844,0.96428
2017-09-14,0.96419,0.97049,0.96187,0.9635
2017-09-15,0.96353,0.96468,0.95653,0.95976
2017-09-18,0.96112,0.9641,0.95806,0.96167
2017-09-19,0.96167,0.96486,0.95956,0.96259
2017-09-20,0.96259,0.97176,0.95952,0.9699
2017-09-21,0.96988,0.97479,0.96852,0.97076
2017-09-22,0.9708,0.97093,0.96684,0.97045
2017-09-25,0.97041,0.97448,0.96435,0.96691
2017-09-26,0.96691,0.97257,0.96532,0.96881
2017-09-27,0.96881,0.97698,0.9686,0.97208
2017-09-28,0.97207,0.97593,0.96985,0.97004
2017-09-29,0.97007,0.9721,0.96709,0.96824
2017-10-02,0.96864,0.97548,0.9682,0.97462
2017-10-03,0.97492,0.97866,0.97289,0.97385
2017-10-04,0.97392,0.97621,0.97098,0.97533
2017-10-05,0.97533,0.97957,0.97432,0.97821
2017-10-06,0.97822,0.98366,0.9771,0.97809
2017-10-09,0.97787,0.98072,0.9775,0.97966
2017-10-10,0.97964,0.98,0.97355,0.97505
2017-10-11,0.97504,0.97672,0.97172,0.9735
2017-10-12,0.97347,0.97637,0.97122,0.97527
2017-10-13,0.97533,0.97709,0.97055,0.97435
2017-10-16,0.97503,0.9769,0.973,0.97541
2017-10-17,0.97542,0.98089,0.97488,0.97829
2017-10-18,0.97829,0.98343,0.9774,0.98078
2017-10-19,0.98078,0.98144,0.9737,0.97632
2017-10-20,0.9764,0.98517,0.97573,0.98517
2017-10-23,0.98511,0.98813,0.98311,0.98503
2017-10-24,0.98503,0.99132,0.98385,0.99102
2017-10-25,0.99101,0.99398,0.98693,0.98939
2017-10-26,0.98935,0.99795,0.98761,0.99739
2017-10-27,0.99739,1.00321,0.9973,0.9981
2017-10-30,0.99871,0.99966,0.99388,0.99563
2017-10-31,0.99563,0.99946,0.9947,0.9972
2017-11-01,0.99718,1.00378,0.99718,1.00281
2017-11-02,1.00284,1.00292,0.99499,0.99939
2017-11-03,0.99939,1.00244,0.99498,1.00067
2017-11-06,1.00043,1.00291,0.99727,0.99774
2017-11-07,0.99774,1.00195,0.99733,0.99954
2017-11-08,0.99961,1.00067,0.99811,1.00006
2017-11-09,1.00006,1.0018,0.99222,0.99413
2017-11-10,0.99412,0.99684,0.99256,0.99583
2017-11-13,0.99657,0.99868,0.99369,0.99634
2017-11-14,0.99631,0.9971,0.98821,0.98969
2017-11-15,0.98969,0.99112,0.98471,0.98928
2017-11-16,0.98933,0.99456,0.98831,0.99409
2017-11-17,0.99398,0.9942,0.98766,0.9887
2017-11-20,0.99008,0.99376,0.98789,0.99344
2017-11-21,0.99343,0.99469,0.98993,0.99141
2017-11-22,0.9915,0.99151,0.98128,0.98219
2017-11-23,0.98218,0.98282,0.97954,0.98156
2017-11-24,0.98155,0.98273,0.9786,0.97981
2017-11-27,0.97977,0.98205,0.9779,0.98151
2017-11-28,0.98151,0.98529,0.98033,0.98379
2017-11-29,0.98378,0.987,0.9819,0.9846
2017-11-30,0.9846,0.98822,0.98165,0.98441
2017-12-01,0.9844,0.98708,0.97353,0.97634
2017-12-04,0.98031,0.98672,0.9795,0.98487
2017-12-05,0.98487,0.98876,0.98375,0.98703
2017-12-06,0.98713,0.991,0.98554,0.98938
2017-12-07,0.98937,0.99471,0.98775,0.99426
2017-12-08,0.99449,0.99779,0.99242,0.99299
2017-12-11,0.99271,0.99333,0.98975,0.99169
2017-12-12,0.99168,0.99358,0.98905,0.99166
2017-12-13,0.99166,0.99286,0.98436,0.98629
2017-12-14,0.98615,0.99047,0.98402,0.98969
2017-12-15,0.98957,0.99346,0.98736,0.99048
2017-12-18,0.99101,0.99175,0.98399,0.98579
2017-12-19,0.98587,0.98788,0.98351,0.985
2017-12-20,0.98504,0.98855,0.98287,0.98665
2017-12-21,0.98664,0.991,0.98554,0.98861
2017-12-22,0.9886,0.99116,0.98829,0.98921
2017-12-26,0.98864,0.99152,0.9883,0.98964
2017-12-27,0.98964,0.99038,0.98548,0.98567
2017-12-28,0.98566,0.98605,0.97717,0.97889
2017-12-29,0.97897,0.97898,0.97342,0.97426
2018-01-02,0.97421,0.97486,0.96997,0.97217
2018-01-03,0.97214,0.97976,0.9711,0.97713
2018-01-04,0.97712,0.97807,0.97373,0.97453
2018-01-05,0.97454,0.97847,0.97395,0.97502
2018-01-08,0.97515,0.97845,0.97461,0.97732
2018-01-09,0.97732,0.98419,0.97657,0.98345
2018-01-10,0.98346,0.98456,0.97545,0.97836
2018-01-11,0.97814,0.98164,0.97323,0.97528
2018-01-12,0.97534,0.97708,0.96802,0.96802
2018-01-15,0.96714,0.96852,0.96032,0.9632
2018-01-16,0.96318,0.96656,0.95814,0.95987
2018-01-17,0.95985,0.96664,0.95728,0.96663
2018-01-18,0.96662,0.96678,0.95752,0.9588
2018-01-19,0.95879,0.96322,0.95358,0.96318
2018-01-22,0.9615,0.964,0.95928,0.9619
2018-01-23,0.96189,0.96338,0.9567,0.95788
2018-01-24,0.95765,0.95816,0.9427,0.94574
2018-01-25,0.94575,0.94665,0.92907,0.94306
2018-01-26,0.94305,0.94305,0.93242,0.93355
2018-01-29,0.93429,0.93868,0.93346,0.93788
2018-01-30,0.9379,0.93937,0.93105,0.93472
2018-01-31,0.93472,0.93592,0.92894,0.93171
2018-02-01,0.93172,0.93418,0.92567,0.92633
2018-02-02,0.92612,0.93369,0.9258,0.93116
2018-02-05,0.93236,0.93768,0.92875,0.93184
2018-02-06,0.93183,0.93979,0.93066,0.93597
2018-02-07,0.93597,0.94548,0.934,0.94355
2018-02-08,0.94336,0.947,0.93553,0.93578
2018-02-09,0.9359,0.94089,0.9349,0.94006
2018-02-12,0.94005,0.94015,0.93637,0.93973
2018-02-13,0.93925,0.93987,0.93229,0.93568
2018-02-14,0.93568,0.93747,0.92854,0.92937
2018-02-15,0.92926,0.92926,0.92109,0.92242
2018-02-16,0.92251,0.92881,0.91879,0.92753
2018-02-19,0.9272,0.932,0.9263,0.92897
2018-02-20,0.92898,0.93696,0.92869,0.93645
2018-02-21,0.93645,0.93969,0.93435,0.93952
2018-02-22,0.93931,0.94094,0.93252,0.93282
2018-02-23,0.93291,0.93741,0.93253,0.93678
2018-02-26,0.9373,0.93915,0.93261,0.93816
2018-02-27,0.93831,0.9417,0.93588,0.93899
2018-02-28,0.93894,0.94569,0.9388,0.94456
2018-03-01,0.94453,0.94907,0.94103,0.94142
2018-03-02,0.94186,0.94244,0.93388,0.93716
2018-03-05,0.93601,0.9408,0.93534,0.94006
2018-03-06,0.94008,0.94191,0.93601,0.9372
2018-03-07,0.9372,0.94428,0.93577,0.94346
2018-03-08,0.94346,0.95201,0.94223,0.95093
2018-03-09,0.95097,0.95344,0.94881,0.95124
2018-03-12,0.95115,0.95127,0.94595,0.94778
2018-03-13,0.94778,0.94941,0.94309,0.94365
2018-03-14,0.94365,0.94802,0.94244,0.94493
2018-03-15,0.94496,0.952,0.94341,0.9515
2018-03-16,0.95151,0.95478,0.94857,0.9524
2018-03-19,0.95274,0.95518,0.94949,0.95149
2018-03-20,0.95149,0.95682,0.95024,0.95597
2018-03-21,0.95596,0.95628,0.94852,0.94882
2018-03-22,0.94883,0.95148,0.94602,0.94743
2018-03-23,0.94742,0.94955,0.9445,0.94741
2018-03-26,0.94617,0.94883,0.94335,0.94514
2018-03-27,0.94514,0.9509,0.94351,0.94654
2018-03-28,0.94634,0.95783,0.94609,0.95663
2018-03-29,0.95693,0.95836,0.95488,0.95645
2018-03-30,0.95645,0.95654,0.95239,0.95399
2018-04-02,0.95409,0.95646,0.95277,0.9551
2018-04-03,0.95508,0.95975,0.95333,0.95896
2018-04-04,0.95895,0.96114,0.95517,0.96066
2018-04-05,0.9607,0.96401,0.95983,0.96332
2018-04-06,0.96336,0.96495,0.95788,0.95865
2018-04-09,0.95894,0.96098,0.95607,0.95624
2018-04-10,0.95624,0.95813,0.95348,0.95706
2018-04-11,0.95705,0.96024,0.95562,0.95783
2018-04-12,0.95769,0.96463,0.95705,0.96277
2018-04-13,0.96274,0.96389,0.96001,0.96204
2018-04-16,0.96272,0.96373,0.95788,0.95976
2018-04-17,0.95976,0.96786,0.95813,0.96628
2018-04-18,0.96628,0.96987,0.96509,0.96856
2018-04-19,0.96856,0.97241,0.96677,0.97107
2018-04-20,0.97142,0.97596,0.97077,0.97535
2018-04-23,0.97526,0.97886,0.97477,0.97826
2018-04-24,0.97829,0.98099,0.9768,0.97887
2018-04-25,0.97887,0.98483,0.97878,0.9833
2018-04-26,0.9835,0.98965,0.98171,0.98952
2018-04-27,0.98953,0.992,0.98724,0.98762
2018-04-30,0.98794,0.99209,0.9873,0.99079
2018-05-01,0.99075,0.99705,0.99049,0.99663
2018-05-02,0.99663,1.00001,0.99365,0.99854
2018-05-03,0.9988,0.99993,0.99563,0.9977
2018-05-04,0.9977,1.00226,0.99691,1.00062
2018-05-07,1.00042,1.00562,0.99842,1.00284
2018-05-08,1.00284,1.00454,1.00039,1.00167
2018-05-09,1.0017,1.00563,1.00043,1.00509
2018-05-10,1.00511,1.0058,0.99945,1.00288
2018-05-11,1.00312,1.00398,0.99769,1.00095
2018-05-14,1.00013,1.00147,0.9958,1.00033
2018-05-15,1.00035,1.00416,0.99838,1.00108
2018-05-16,1.00108,1.00192,0.99848,1.00099
2018-05-17,1.00103,1.00333,0.99873,1.00146
2018-05-18,1.00151,1.00186,0.99506,0.99781
2018-05-21,0.99764,1.00017,0.99686,0.99694
2018-05-22,0.99697,0.99905,0.99182,0.99266
2018-05-23,0.99267,0.99782,0.98951,0.99508
2018-05-24,0.99502,0.99502,0.98861,0.99106
2018-05-25,0.9913,0.99372,0.99036,0.99115
2018-05-28,0.99259,0.99575,0.99106,0.9937
2018-05-29,0.9937,0.99833,0.98508,0.99087
2018-05-30,0.99091,0.99354,0.98789,0.98927
2018-05-31,0.98927,0.9893,0.98263,0.98564
2018-06-01,0.98561,0.99127,0.98418,0.98836
2018-06-04,0.98889,0.98942,0.98304,0.9881
2018-06-05,0.9881,0.98928,0.98307,0.98459
2018-06-06,0.98459,0.98858,0.98359,0.9864
2018-06-07,0.98635,0.98646,0.97891,0.98006
2018-06-08,0.98,0.98879,0.97992,0.98524
2018-06-11,0.98475,0.98739,0.98394,0.98554
2018-06-12,0.9855,0.98838,0.98305,0.98717
2018-06-13,0.98717,0.98953,0.98409,0.98511
2018-06-14,0.98517,0.99728,0.98261,0.99669
2018-06-15,0.99668,0.99884,0.99456,0.99688
2018-06-18,0.99754,0.99902,0.99362,0.99559
2018-06-19,0.99559,0.99775,0.99183,0.99466
2018-06-20,0.99449,0.99828,0.99372,0.99597
2018-06-21,0.99599,0.99857,0.98974,0.99125
2018-06-22,0.99125,0.99194,0.98735,0.98813
2018-06-25,0.98825,0.98906,0.9856,0.98719
2018-06-26,0.98714,0.99231,0.98585,0.991
2018-06-27,0.991,0.99762,0.98916,0.99674
2018-06-28,0.99675,0.99924,0.996,0.9971
2018-06-29,0.99757,0.99813,0.99001,0.99003
2018-07-02,0.99084,0.99657,0.99025,0.9938
2018-07-03,0.9938,0.99497,0.99132,0.99237
2018-07-04,0.99236,0.99397,0.99057,0.993
2018-07-05,0.99299,0.99444,0.99106,0.99339
2018-07-06,0.99356,0.99437,0.9885,0.99037
2018-07-09,0.9899,0.99302,0.98583,0.99206
2018-07-10,0.99209,0.99616,0.99103,0.9921
2018-07-11,0.99213,0.9966,0.99053,0.99573
2018-07-12,0.99573,1.00281,0.99477,1.00252
2018-07-13,1.00256,1.00682,1.00149,1.00183
2018-07-16,1.00127,1.0025,0.99631,0.99717
2018-07-17,0.99715,1.0004,0.99276,1.00024
2018-07-18,1.00022,1.00348,0.9983,0.99893
2018-07-19,0.99893,1.00436,0.99588,0.99929
2018-07-20,0.99925,1.00105,0.9916,0.992
2018-07-23,0.99234,0.99413,0.99014,0.99283
2018-07-24,0.99283,0.99544,0.99225,0.9937
2018-07-25,0.99372,0.99493,0.99081,0.99197
2018-07-26,0.99186,0.99494,0.99037,0.99428
2018-07-27,0.9943,0.99782,0.99318,0.99425
2018-07-30,0.99446,0.99565,0.98782,0.98833
2018-07-31,0.98836,0.99057,0.98677,0.99015
2018-08-01,0.99014,0.99344,0.99014,0.99198
2018-08-02,0.99204,0.9957,0.9915,0.99556
2018-08-03,0.99556,0.99649,0.99212,0.99429
2018-08-06,0.99447,0.99849,0.9941,0.99646
2018-08-07,0.99641,0.9968,0.99309,0.99598
2018-08-08,0.99598,0.99682,0.99204,0.99268
2018-08-09,0.99268,0.99485,0.98924,0.99337
2018-08-10,0.99337,0.99723,0.99265,0.99528
2018-08-13,0.99338,0.9954,0.9921,0.99312
2018-08-14,0.99312,0.99507,0.99012,0.99395
2018-08-15,0.99392,0.99825,0.99264,0.99357
2018-08-16,0.99364,0.99743,0.99161,0.99686
2018-08-17,0.99687,0.99779,0.99332,0.99556
2018-08-20,0.99554,0.99686,0.99109,0.9912
2018-08-21,0.9912,0.9912,0.98432,0.98488
2018-08-22,0.98485,0.98539,0.98084,0.98318
2018-08-23,0.98324,0.98658,0.98227,0.98611
2018-08-24,0.98615,0.9866,0.98116,0.98294
2018-08-27,0.98327,0.98456,0.97878,0.97977
2018-08-28,0.97985,0.98092,0.97455,0.97626
2018-08-29,0.97624,0.9777,0.97022,0.97072
2018-08-30,0.97072,0.97158,0.96863,0.96908
2018-08-31,0.96907,0.97034,0.9653,0.96911
2018-09-03,0.96948,0.97076,0.96835,0.96915
2018-09-04,0.96916,0.97674,0.9689,0.97421
2018-09-05,0.97419,0.97539,0.97086,0.97116
2018-09-06,0.9712,0.97155,0.96505,0.96547
2018-09-07,0.96546,0.96998,0.9642,0.96885
2018-09-10,0.96926,0.97548,0.96861,0.97485
2018-09-11,0.97436,0.97589,0.97202,0.97274
2018-09-12,0.97271,0.975,0.96958,0.97028
2018-09-13,0.97029,0.97046,0.96522,0.96598
2018-09-14,0.9658,0.96759,0.96349,0.96737
2018-09-17,0.96749,0.96765,0.96119,0.96242
2018-09-18,0.96241,0.96562,0.96003,0.96446
2018-09-19,0.9645,0.97005,0.96345,0.96727
2018-09-20,0.96727,0.9678,0.95885,0.95899
2018-09-21,0.959,0.95984,0.95424,0.95885
2018-09-24,0.95832,0.96501,0.95804,0.96464
2018-09-25,0.96464,0.96711,0.96364,0.96523
2018-09-26,0.96525,0.97018,0.96237,0.96538
2018-09-27,0.96539,0.97831,0.96483,0.97743
2018-09-28,0.97751,0.98192,0.97377,0.98142
2018-10-01,0.98053,0.98556,0.98053,0.98389
2018-10-02,0.98383,0.98629,0.98294,0.98437
2018-10-03,0.98436,0.99252,0.98336,0.99051
2018-10-04,0.99051,0.99343,0.98947,0.9918
2018-10-05,0.99181,0.99547,0.99106,0.99171
2018-10-08,0.9918,0.99447,0.99076,0.99255
2018-10-09,0.99274,0.99558,0.99117,0.99209
2018-10-10,0.99208,0.99338,0.9892,0.9893
2018-10-11,0.98929,0.99221,0.98574,0.99002
2018-10-12,0.99003,0.99303,0.98822,0.99133
2018-10-15,0.99122,0.99205,0.98483,0.9871
2018-10-16,0.98709,0.99092,0.98594,0.99056
2018-10-17,0.99052,0.9955,0.99007,0.99519
2018-10-18,0.99519,0.99746,0.99202,0.99561
2018-10-19,0.99559,0.99779,0.99503,0.99733
2018-10-22,0.99678,0.99803,0.99401,0.99628
2018-10-23,0.99631,0.99704,0.99383,0.99502
2018-10-24,0.99502,0.99897,0.9942,0.99735
2018-10-25,0.99736,1.00183,0.99557,0.99986
2018-10-26,0.99991,1.00266,0.99675,0.99706
2018-10-29,0.99727,1.00244,0.99727,1.00182
2018-10-30,1.00183,1.00555,1.00087,1.00529
2018-10-31,1.00524,1.00951,1.0034,1.00822
2018-11-01,1.00822,1.00833,1.00021,1.00239
2018-11-02,1.00238,1.00485,0.99685,1.00341
2018-11-05,1.00313,1.00691,1.00246,1.00438
2018-11-06,1.00438,1.00557,1.00218,1.00299
2018-11-07,1.00299,1.00512,0.99529,1.00198
2018-11-08,1.002,1.00707,1.00078,1.00603
2018-11-09,1.00603,1.00859,1.00451,1.00541
2018-11-12,1.00588,1.0112,1.00557,1.01075
2018-11-13,1.01073,1.01285,1.00666,1.0068
2018-11-14,1.0068,1.01041,1.00423,1.00664
2018-11-15,1.00664,1.0079,1.00359,1.00728
2018-11-16,1.00735,1.00872,0.99916,0.99984
2018-11-19,1.00005,1.00073,0.99247,0.99366
2018-11-20,0.99365,0.9958,0.99091,0.99522
2018-11-21,0.99518,0.99589,0.99283,0.99444
2018-11-22,0.99428,0.99565,0.99218,0.9943
2018-11-23,0.9943,0.99803,0.99349,0.9976
2018-11-26,0.99717,0.99935,0.99546,0.99844
2018-11-27,0.99844,1.00033,0.99757,0.99856
2018-11-28,0.9985,1.00059,0.99257,0.99357
2018-11-29,0.99361,0.9977,0.99179,0.99612
2018-11-30,0.99613,1.00046,0.99517,0.99893
2018-12-03,0.99951,0.99963,0.99648,0.99798
2018-12-04,0.998,0.99908,0.9931,0.99755
2018-12-05,0.99757,1.00083,0.99706,0.99739
2018-12-06,0.99739,0.99902,0.98958,0.99317
2018-12-07,0.99324,0.99433,0.98902,0.98946
2018-12-10,0.99078,0.99078,0.98684,0.99043
2018-12-11,0.99043,0.99386,0.98635,0.9934
2018-12-12,0.99337,0.99653,0.99134,0.99327
2018-12-13,0.99327,0.99544,0.99126,0.99383
2018-12-14,0.99405,0.99832,0.9935,0.99781
2018-12-17,0.99808,0.99821,0.99176,0.99322
2018-12-18,0.99322,0.99374,0.99001,0.99237
2018-12-19,0.99237,0.99562,0.99067,0.99415
2018-12-20,0.99415,0.99528,0.98408,0.98751
2018-12-21,0.98751,0.99569,0.98617,0.99522
2018-12-24,0.99428,0.99516,0.98634,0.98768
2018-12-26,0.98702,0.99637,0.98525,0.99546
2018-12-27,0.99538,0.99545,0.98423,0.98814
2018-12-28,0.98817,0.98817,0.97907,0.98366
2018-12-31,0.98442,0.9875,0.98095,0.98191
2019-01-02,0.98186,0.992,0.9797,0.98873
2019-01-03,0.98874,0.99006,0.98469,0.98694
2019-01-04,0.98694,0.99081,0.98532,0.98644
2019-01-07,0.98697,0.9875,0.97882,0.97976
2019-01-08,0.9796,0.98346,0.97889,0.98166
2019-01-09,0.98167,0.9818,0.97324,0.97414
2019-01-10,0.97406,0.98488,0.97165,0.98404
2019-01-11,0.98408,0.9856,0.9814,0.98379
2019-01-14,0.98339,0.98445,0.98006,0.98111
2019-01-15,0.98111,0.9894,0.98026,0.98806
2019-01-16,0.98802,0.99102,0.98729,0.98987
2019-01-17,0.98986,0.99541,0.98969,0.99388
2019-01-18,0.99388,0.99592,0.99325,0.99572
2019-01-21,0.99528,0.9988,0.99471,0.99735
2019-01-22,0.99741,0.99861,0.99614,0.9973
2019-01-23,0.9973,0.99901,0.994,0.99487
2019-01-24,0.99485,0.99769,0.99349,0.99652
2019-01-25,0.99648,0.99745,0.99224,0.99249
2019-01-28,0.99332,0.99336,0.99057,0.99194
2019-01-29,0.99182,0.99573,0.99077,0.99482
2019-01-30,0.99481,0.99948,0.99324,0.99415
2019-01-31,0.99417,0.99528,0.9908,0.99443
2019-02-01,0.99443,0.99632,0.99222,0.99531
2019-02-04,0.99564,0.99944,0.99513,0.99797
2019-02-05,0.99797,1.00206,0.99784,0.9999
2019-02-06,0.9999,1.00268,0.99871,1.00209
2019-02-07,1.00207,1.00289,1.00005,1.00235
2019-02-08,1.00235,1.0028,0.9996,0.99999
2019-02-11,0.99925,1.00536,0.99908,1.00414
2019-02-12,1.00418,1.00928,1.00398,1.00613
2019-02-13,1.00612,1.00969,1.00437,1.0094
2019-02-14,1.00944,1.00982,1.00452,1.00501
2019-02-15,1.00501,1.00898,1.00451,1.00487
2019-02-18,1.00499,1.00507,1.00241,1.00465
2019-02-19,1.00467,1.00606,1.00023,1.00113
2019-02-20,1.00113,1.0021,0.99817,1.0004
2019-02-21,1.00071,1.00234,0.9995,1.00094
2019-02-22,1.00108,1.00248,0.9988,1.0004
2019-02-25,1.00036,1.00119,0.99834,1.00042
2019-02-26,1.00042,1.00197,0.9988,0.99995
2019-02-27,0.99987,1.0016,0.99623,1.00099
2019-02-28,1.00098,1.00106,0.99265,0.99767
2019-03-01,0.99761,1.0009,0.99633,0.99895
2019-03-04,0.99823,1.00202,0.99823,0.99924
2019-03-05,0.99916,1.00547,0.99886,1.00466
2019-03-06,1.00434,1.0056,1.00317,1.00491
2019-03-07,1.0049,1.01244,1.00358,1.01127
2019-03-08,1.01112,1.01183,1.00701,1.00803
2019-03-11,1.00795,1.01197,1.00701,1.01
2019-03-12,1.01001,1.0113,1.00637,1.00749
2019-03-13,1.00748,1.00848,1.00273,1.00307
2019-03-14,1.00308,1.00515,1.00296,1.00371
2019-03-15,1.00373,1.00527,1.00112,1.00212
2019-03-18,1.00185,1.00251,0.99974,1.0014
2019-03-19,1.00141,1.00142,0.9985,0.99901
2019-03-20,0.99892,1.00104,0.98949,0.99134
2019-03-21,0.99134,0.9946,0.99039,0.99184
2019-03-22,0.99187,0.99705,0.99152,0.99351
2019-03-25,0.99387,0.99495,0.99105,0.99217
2019-03-26,0.99215,0.99526,0.99183,0.99381
2019-03-27,0.99381,0.99665,0.99063,0.99459
2019-03-28,0.9946,0.99735,0.99436,0.99482
2019-03-29,0.99481,0.99745,0.99448,0.9952
2019-04-01,0.99515,0.99948,0.99321,0.99914
2019-04-02,0.99915,1.00002,0.99722,0.99793
2019-04-03,0.9979,0.99875,0.99539,0.99728
2019-04-04,0.99751,1.00032,0.9971,0.99969
2019-04-05,0.99969,1.00123,0.9991,0.99996
2019-04-08,1.00016,1.00033,0.99783,0.99936
2019-04-09,0.99929,1.00089,0.99805,0.99996
2019-04-10,0.99995,1.00332,0.99917,1.00242
2019-04-11,1.00242,1.00463,1.001,1.00292
2019-04-12,1.00294,1.00341,0.99974,1.00283
2019-04-15,1.00244,1.00466,1.00094,1.00402
2019-04-16,1.00401,1.00818,1.00326,1.00764
2019-04-17,1.00765,1.011,1.00679,1.01056
2019-04-18,1.01057,1.01595,1.00931,1.01538
2019-04-22,1.01427,1.0161,1.01416,1.01539
2019-04-23,1.01539,1.02306,1.0153,1.02043
2019-04-24,1.02024,1.02196,1.0169,1.02054
2019-04-25,1.02054,1.02281,1.01934,1.02011
2019-04-26,1.02011,1.02368,1.01843,1.01914
2019-04-29,1.01926,1.02159,1.01853,1.01961
2019-04-30,1.01962,1.02044,1.01743,1.01911
2019-05-01,1.01907,1.01978,1.01279,1.01786
2019-05-02,1.01786,1.02038,1.01702,1.01938
2019-05-03,1.01939,1.02141,1.01653,1.01689
2019-05-06,1.01673,1.01966,1.01516,1.01781
2019-05-07,1.01778,1.0226,1.01611,1.01918
2019-05-08,1.01916,1.02089,1.01692,1.02071
2019-05-09,1.0207,1.02098,1.0124,1.01484
2019-05-10,1.01483,1.01586,1.01018,1.01179
2019-05-13,1.01074,1.0115,1.00501,1.00589
2019-05-14,1.00592,1.00962,1.0051,1.00843
2019-05-15,1.00843,1.00973,1.00571,1.00838
2019-05-16,1.00838,1.01069,1.00737,1.00973
2019-05-17,1.00974,1.01217,1.00853,1.01058
2019-05-20,1.0108,1.01211,1.008,1.00851
2019-05-21,1.00854,1.01195,1.0081,1.01113
2019-05-22,1.01112,1.01195,1.00666,1.00943
2019-05-23,1.00946,1.00988,1.00238,1.00328
2019-05-24,1.00309,1.00426,1.00091,1.00129
2019-05-27,1.00168,1.00631,1.00146,1.00377
2019-05-28,1.00381,1.00982,1.00345,1.00733
2019-05-29,1.00734,1.00863,1.00499,1.00761
2019-05-30,1.0076,1.00981,1.00701,1.00794
2019-05-31,1.00795,1.00804,1.00011,1.00122
2019-06-03,1.0013,1.00136,0.99107,0.99219
2019-06-04,0.9922,0.99553,0.9903,0.9923
2019-06-05,0.99229,0.99509,0.98549,0.99434
2019-06-06,0.99429,0.99602,0.98799,0.99125
2019-06-07,0.99125,0.99499,0.98594,0.98732
2019-06-10,0.9889,0.99201,0.98853,0.9896
2019-06-11,0.98957,0.99363,0.98926,0.99242
2019-06-12,0.9924,0.99595,0.99031,0.99513
2019-06-13,0.99517,0.996,0.99183,0.99411
2019-06-14,0.99411,0.99954,0.99257,0.99904
2019-06-17,0.99845,0.99992,0.99662,0.99866
2019-06-18,0.99867,1.00123,0.99657,1.00024
2019-06-19,1.00023,1.00149,0.99165,0.99345
2019-06-20,0.99341,0.99343,0.97922,0.98131
2019-06-21,0.98128,0.98387,0.97565,0.97684
2019-06-24,0.97605,0.97829,0.97104,0.97191
2019-06-25,0.97192,0.97767,0.96942,0.9753
2019-06-26,0.9753,0.97849,0.97438,0.9779
2019-06-27,0.97768,0.98143,0.97596,0.97667
2019-06-28,0.97677,0.97741,0.97388,0.97626
2019-07-01,0.97848,0.98842,0.97837,0.98757
2019-07-02,0.98756,0.9889,0.98357,0.98625
2019-07-03,0.98625,0.98733,0.9835,0.98641
2019-07-04,0.98648,0.98701,0.98467,0.98507
2019-07-05,0.9849,0.9932,0.9845,0.99179
2019-07-08,0.99142,0.99473,0.98989,0.99383
2019-07-09,0.99379,0.99515,0.99233,0.99356
2019-07-10,0.99345,0.9942,0.98875,0.98954
2019-07-11,0.98951,0.99052,0.98474,0.99018
2019-07-12,0.99013,0.99083,0.98362,0.98422
2019-07-15,0.9846,0.98549,0.98179,0.98423
2019-07-16,0.98419,0.98942,0.98359,0.98781
2019-07-17,0.9878,0.99079,0.98648,0.98689
2019-07-18,0.98683,0.98917,0.98093,0.98129
2019-07-19,0.98129,0.98471,0.98064,0.98213
2019-07-22,0.98234,0.98407,0.98043,0.98204
2019-07-23,0.98207,0.98596,0.98202,0.98498
2019-07-24,0.98506,0.98746,0.98367,0.98457
2019-07-25,0.98461,0.99174,0.98444,0.99078
2019-07-26,0.99081,0.99463,0.99004,0.99393
2019-07-29,0.99328,0.99351,0.99092,0.99176
2019-07-30,0.99171,0.99224,0.98909,0.9903
2019-07-31,0.99017,0.99497,0.98857,0.99397
2019-08-01,0.99399,0.99743,0.98882,0.99052
2019-08-02,0.99052,0.9908,0.98147,0.98248
2019-08-05,0.9823,0.98283,0.97166,0.97235
2019-08-06,0.97234,0.97927,0.97039,0.9762
2019-08-07,0.97606,0.97974,0.96926,0.97496
2019-08-08,0.97487,0.97867,0.97353,0.97361
2019-08-09,0.97361,0.97543,0.97097,0.97264
2019-08-12,0.97329,0.9754,0.96827,0.96883
2019-08-13,0.96885,0.97688,0.96599,0.97645
2019-08-14,0.97646,0.97705,0.97061,0.97305
2019-08-15,0.97305,0.97767,0.97223,0.97699
2019-08-16,0.97678,0.98092,0.9763,0.97844
2019-08-19,0.97848,0.98211,0.97736,0.98147
2019-08-20,0.98148,0.98169,0.97753,0.97797
2019-08-21,0.97797,0.98311,0.97775,0.98202
2019-08-22,0.98203,0.98445,0.98149,0.98363
2019-08-23,0.98366,0.98773,0.97359,0.97464
2019-08-26,0.97248,0.98167,0.97141,0.97927
2019-08-27,0.97934,0.98375,0.97756,0.98137
2019-08-28,0.98143,0.98287,0.98015,0.98156
2019-08-29,0.98156,0.98754,0.98006,0.9865
2019-08-30,0.98646,0.99179,0.98593,0.98973
2019-09-02,0.98964,0.99194,0.98893,0.9908
2019-09-03,0.9909,0.99293,0.98611,0.98717
2019-09-04,0.98717,0.98843,0.97984,0.98077
2019-09-05,0.98077,0.98733,0.9805,0.98596
2019-09-06,0.98561,0.99175,0.98545,0.98798
2019-09-09,0.98749,0.99233,0.98749,0.99166
2019-09-10,0.9917,0.99319,0.98891,0.99152
2019-09-11,0.99152,0.99434,0.9912,0.99307
2019-09-12,0.99308,0.99458,0.98808,0.99028
2019-09-13,0.99028,0.99111,0.98546,0.99021
2019-09-16,0.98776,0.99399,0.98653,0.99305
2019-09-17,0.99303,0.99682,0.99134,0.9931
2019-09-18,0.99309,0.99834,0.99262,0.99659
2019-09-19,0.99661,0.99833,0.99003,0.99277
2019-09-20,0.99276,0.99362,0.98899,0.99122
2019-09-23,0.99125,0.99225,0.98904,0.98974
2019-09-24,0.98965,0.99144,0.98439,0.98587
2019-09-25,0.98589,0.99251,0.98537,0.99161
2019-09-26,0.9916,0.99486,0.99061,0.99358
2019-09-27,0.99357,0.99492,0.98983,0.99086
2019-09-30,0.99102,0.9988,0.9904,0.99795
2019-10-01,0.99777,1.00168,0.99233,0.99346
2019-10-02,0.99332,1.00267,0.99214,0.99712
2019-10-03,0.99692,1.0028,0.99527,0.99867
2019-10-04,0.99865,1.00081,0.99297,0.99479
2019-10-07,0.99531,0.9966,0.99268,0.99474
2019-10-08,0.99473,0.99587,0.99053,0.99297
2019-10-09,0.99296,0.99635,0.99165,0.99556
2019-10-10,0.99563,0.99727,0.99144,0.99632
2019-10-11,0.99633,0.99906,0.99578,0.99756
2019-10-14,0.997,0.9984,0.9944,0.99705
2019-10-15,0.99702,0.99961,0.99636,0.99875
2019-10-16,0.9988,0.99904,0.99458,0.99503
2019-10-17,0.99499,0.99503,0.98669,0.98795
2019-10-18,0.98785,0.98915,0.98442,0.9848
2019-10-21,0.98472,0.98756,0.98418,0.98625
2019-10-22,0.9862,0.98965,0.9859,0.98946
2019-10-23,0.98946,0.99146,0.98861,0.99055
2019-10-24,0.99057,0.99293,0.98915,0.99206
2019-10-25,0.99207,0.99549,0.99083,0.9943
2019-10-28,0.99451,0.997,0.99438,0.99477
2019-10-29,0.99477,0.99651,0.99338,0.99426
2019-10-30,0.99417,0.9945,0.98888,0.98919
2019-10-31,0.98917,0.9894,0.98599,0.9868
2019-11-01,0.98677,0.98944,0.98514,0.98568
2019-11-04,0.98574,0.98892,0.98532,0.98796
2019-11-05,0.98793,0.99357,0.9878,0.99267
2019-11-06,0.99265,0.994,0.99155,0.99245
2019-11-07,0.99249,0.99752,0.99115,0.99505
2019-11-08,0.99505,0.99788,0.99437,0.99769
2019-11-11,0.99747,0.99771,0.99289,0.99336
2019-11-12,0.9933,0.99645,0.99236,0.99301
2019-11-13,0.99304,0.99316,0.98839,0.98968
2019-11-14,0.9897,0.99081,0.98704,0.98808
2019-11-15,0.98805,0.99109,0.98805,0.98972
2019-11-18,0.98956,0.99137,0.98687,0.98923
2019-11-19,0.98918,0.99188,0.98907,0.99081
2019-11-20,0.99067,0.99372,0.98989,0.99043
2019-11-21,0.99045,0.99347,0.98907,0.99301
2019-11-22,0.99302,0.9981,0.99273,0.99727
2019-11-25,0.99797,0.99857,0.99602,0.9967
2019-11-26,0.99662,0.99863,0.99626,0.99756
2019-11-27,0.99757,1.00002,0.9973,0.9989
2019-11-28,0.99884,0.9996,0.9979,0.99854
2019-11-29,0.99856,1.00235,0.99823,0.99995
2019-12-02,0.99995,1.00088,0.99116,0.9915
2019-12-03,0.99137,0.99264,0.98575,0.98693
2019-12-04,0.98702,0.98998,0.98556,0.98862
2019-12-05,0.98859,0.98955,0.98684,0.98749
2019-12-06,0.98751,0.99177,0.98649,0.9899
2019-12-09,0.99029,0.9911,0.9875,0.98783
2019-12-10,0.98783,0.98828,0.98341,0.98441
2019-12-11,0.98433,0.98636,0.98145,0.98259
2019-12-12,0.98264,0.98759,0.98092,0.9847
2019-12-13,0.98484,0.98628,0.98065,0.98409
2019-12-16,0.98345,0.98468,0.98201,0.98322
2019-12-17,0.98309,0.9844,0.9796,0.97996
2019-12-18,0.97995,0.9821,0.97956,0.98043
2019-12-19,0.98043,0.98121,0.97706,0.97835
2019-12-20,0.97805,0.98302,0.97802,0.98181
2019-12-23,0.98241,0.98278,0.98013,0.98197
2019-12-24,0.98177,0.98314,0.97978,0.9802
2019-12-26,0.97983,0.98187,0.97961,0.98124
2019-12-27,0.98124,0.98183,0.97304,0.97458
2019-12-30,0.9748,0.9748,0.96741,0.96896
2019-12-31,0.96861,0.96978,0.96466,0.96764
2020-01-02,0.96837,0.97329,0.96687,0.97153
2020-01-03,0.97135,0.97437,0.96883,0.97215
2020-01-06,0.97118,0.97169,0.96765,0.96828
2020-01-07,0.96829,0.97298,0.96792,0.97082
2020-01-08,0.97077,0.97398,0.96655,0.97358
2020-01-09,0.97362,0.97479,0.97115,0.97297
2020-01-10,0.97306,0.97623,0.97202,0.97279
2020-01-13,0.97341,0.97361,0.96943,0.97072
2020-01-14,0.97078,0.97134,0.96657,0.96748
2020-01-15,0.96752,0.96803,0.96305,0.96397
2020-01-16,0.96398,0.96525,0.96132,0.96497
2020-01-17,0.96496,0.96958,0.96456,0.9677
2020-01-20,0.9681,0.96995,0.96762,0.96806
2020-01-21,0.96805,0.96898,0.96615,0.96867
2020-01-22,0.9686,0.97269,0.96774,0.968
2020-01-23,0.968,0.97036,0.9669,0.96937
2020-01-24,0.96937,0.97182,0.96922,0.97109
2020-01-27,0.97068,0.97194,0.9682,0.96971
2020-01-28,0.96969,0.97416,0.96792,0.97293
2020-01-29,0.97293,0.97667,0.97266,0.9735
2020-01-30,0.97349,0.97367,0.96802,0.96966
2020-01-31,0.9696,0.97132,0.96294,0.96315
2020-02-03,0.96321,0.96718,0.96301,0.96617
2020-02-04,0.96608,0.97043,0.96568,0.96919
2020-02-05,0.96918,0.97476,0.96782,0.9736
2020-02-06,0.97364,0.97566,0.97316,0.97473
2020-02-07,0.97474,0.97814,0.97399,0.97754
2020-02-10,0.97711,0.97837,0.97633,0.97716
2020-02-11,0.97727,0.97885,0.97511,0.9756
2020-02-12,0.9756,0.97855,0.97412,0.97822
2020-02-13,0.97823,0.97954,0.97611,0.97918
2020-02-14,0.97934,0.98223,0.97893,0.98197
2020-02-17,0.98182,0.98271,0.9804,0.98068
2020-02-18,0.98069,0.98393,0.97968,0.98288
2020-02-19,0.98301,0.98447,0.98264,0.98361
2020-02-20,0.9836,0.98485,0.98158,0.98401
2020-02-21,0.98403,0.98413,0.97711,0.97845
2020-02-24,0.97949,0.98152,0.97654,0.97911
2020-02-25,0.97911,0.98048,0.97513,0.9759
2020-02-26,0.9759,0.97786,0.97294,0.97692
2020-02-27,0.97684,0.97712,0.96752,0.96852
2020-02-28,0.96847,0.96958,0.96104,0.96486
2020-03-02,0.96368,0.96552,0.95438,0.95815
2020-03-03,0.95818,0.95972,0.95171,0.95613
2020-03-04,0.95613,0.95971,0.95328,0.95679
2020-03-05,0.95645,0.95716,0.94467,0.94561
2020-03-06,0.94547,0.94669,0.93187,0.93873
2020-03-09,0.92833,0.93187,0.9186,0.92591
2020-03-10,0.92591,0.94116,0.92591,0.93745
2020-03-11,0.93746,0.94017,0.9325,0.93945
2020-03-12,0.93945,0.9552,0.93229,0.94536
2020-03-13,0.94536,0.95693,0.94231,0.95162
2020-03-16,0.94727,0.95259,0.93924,0.94726
2020-03-17,0.94723,0.96485,0.94709,0.95992
2020-03-18,0.95977,0.97502,0.95669,0.96702
2020-03-19,0.96701,0.98887,0.96395,0.9883
2020-03-20,0.98829,0.99003,0.97452,0.98589
2020-03-23,0.98801,0.98885,0.97906,0.98326
2020-03-24,0.98326,0.98457,0.97191,0.98019
2020-03-25,0.98019,0.9834,0.9754,0.97716
2020-03-26,0.97718,0.97727,0.96035,0.9622
2020-03-27,0.96221,0.96543,0.95061,0.95102
2020-03-30,0.95202,0.96107,0.95026,0.95867
2020-03-31,0.95867,0.96851,0.95822,0.96152
2020-04-01,0.96149,0.96915,0.96034,0.96627
2020-04-02,0.96645,0.97504,0.9655,0.97349
2020-04-03,0.97348,0.97957,0.97319,0.97648
2020-04-06,0.97682,0.97973,0.97607,0.97822
2020-04-07,0.97816,0.97929,0.96855,0.97
2020-04-08,0.97013,0.97434,0.96883,0.97176
2020-04-09,0.97175,0.97336,0.96483,0.96631
2020-04-13,0.96534,0.96869,0.96302,0.96781
2020-04-14,0.96779,0.9678,0.95955,0.96041
2020-04-15,0.96035,0.97004,0.95985,0.96504
2020-04-16,0.96505,0.97157,0.9645,0.96859
2020-04-17,0.96859,0.9724,0.9657,0.96767
2020-04-20,0.96698,0.97002,0.96558,0.96744
2020-04-21,0.96745,0.97274,0.96705,0.96955
2020-04-22,0.96955,0.97319,0.96688,0.97214
2020-04-23,0.97188,0.97727,0.97064,0.97578
2020-04-24,0.97598,0.98025,0.9728,0.9743
2020-04-27,0.97323,0.9767,0.97125,0.97491
2020-04-28,0.97491,0.97998,0.97206,0.97476
2020-04-29,0.97471,0.97678,0.97127,0.97408
2020-04-30,0.97408,0.97591,0.96388,0.96592
2020-05-01,0.96592,0.96695,0.95891,0.96125
2020-05-04,0.96209,0.96628,0.96182,0.96576
2020-05-05,0.96576,0.97347,0.9646,0.97237
2020-05-06,0.97241,0.97588,0.97214,0.97513
2020-05-07,0.97513,0.97837,0.9728,0.97318
2020-05-08,0.97318,0.97336,0.96814,0.9713
2020-05-11,0.97218,0.97366,0.97006,0.97306
2020-05-12,0.97305,0.975,0.96652,0.96962
2020-05-13,0.96963,0.97265,0.96657,0.9723
2020-05-14,0.97231,0.97554,0.97141,0.97321
2020-05-15,0.9732,0.97444,0.96984,0.97215
2020-05-18,0.97163,0.97601,0.96768,0.97199
2020-05-19,0.97202,0.97288,0.96986,0.97148
2020-05-20,0.97148,0.97166,0.96382,0.96466
2020-05-21,0.96461,0.9713,0.96454,0.97072
2020-05-22,0.97072,0.9733,0.9698,0.9713
2020-05-25,0.97168,0.97362,0.97046,0.97189
2020-05-26,0.97173,0.97183,0.96467,0.96568
2020-05-27,0.96577,0.97277,0.96522,0.96822
2020-05-28,0.96822,0.97193,0.96309,0.96385
2020-05-29,0.96391,0.96498,0.96019,0.96172
2020-06-01,0.96128,0.9625,0.95795,0.96118
2020-06-02,0.96117,0.96378,0.9574,0.96217
2020-06-03,0.96218,0.96476,0.96068,0.96136
2020-06-04,0.96135,0.96229,0.95438,0.95517
2020-06-05,0.9552,0.96496,0.95421,0.96218
2020-06-08,0.96206,0.96394,0.95561,0.95763
2020-06-09,0.95763,0.95855,0.94825,0.95053
2020-06-10,0.95059,0.95148,0.94251,0.94395
2020-06-11,0.94395,0.94604,0.93764,0.94457
2020-06-12,0.94457,0.95534,0.94369,0.95206
2020-06-15,0.95268,0.9547,0.94805,0.94909
2020-06-16,0.94913,0.95228,0.94637,0.95169
2020-06-17,0.95168,0.95291,0.94813,0.9486
2020-06-18,0.9486,0.95251,0.94826,0.95138
2020-06-19,0.95158,0.95308,0.9488,0.95208
2020-06-22,0.95123,0.95273,0.94654,0.94755
2020-06-23,0.94752,0.94938,0.94205,0.94489
2020-06-24,0.94482,0.94862,0.94333,0.94776
2020-06-25,0.94771,0.95078,0.94759,0.949
2020-06-26,0.94898,0.94999,0.94677,0.94773
2020-06-29,0.9476,0.95249,0.94418,0.95122
2020-06-30,0.95122,0.95326,0.94616,0.94719
2020-07-01,0.94728,0.94939,0.94451,0.94589
2020-07-02,0.94568,0.94651,0.94268,0.94549
2020-07-03,0.94535,0.94702,0.94464,0.94477
2020-07-06,0.94485,0.94527,0.93846,0.94218
2020-07-07,0.94218,0.94528,0.94087,0.94275
2020-07-08,0.94264,0.94325,0.93702,0.93845
2020-07-09,0.93826,0.94101,0.93627,0.94057
2020-07-10,0.94033,0.94313,0.9385,0.94127
2020-07-13,0.94084,0.94376,0.93927,0.94158
2020-07-14,0.94161,0.94245,0.93805,0.93969
2020-07-15,0.9396,0.94575,0.93704,0.94458
2020-07-16,0.94452,0.94679,0.94295,0.94551
2020-07-17,0.94553,0.94587,0.93803,0.93814
2020-07-20,0.93996,0.94103,0.9374,0.93944
2020-07-21,0.93945,0.93975,0.93216,0.9328
2020-07-22,0.93278,0.93516,0.92869,0.92934
2020-07-23,0.92928,0.92992,0.92455,0.92547
2020-07-24,0.92549,0.92606,0.92155,0.92267
2020-07-27,0.92161,0.92302,0.91667,0.92034
2020-07-28,0.92013,0.92275,0.91555,0.91739
2020-07-29,0.91738,0.91875,0.91184,0.91256
2020-07-30,0.91247,0.91514,0.90788,0.90943
2020-07-31,0.90908,0.91484,0.90564,0.91427
2020-08-03,0.91372,0.924,0.9128,0.91774
2020-08-04,0.9173,0.91885,0.91304,0.91335
2020-08-05,0.91332,0.91391,0.90505,0.9081
2020-08-06,0.90812,0.91292,0.90657,0.9097
2020-08-07,0.90969,0.91582,0.9092,0.91308
2020-08-10,0.91286,0.91845,0.91217,0.91559
2020-08-11,0.91559,0.91779,0.91055,0.91714
2020-08-12,0.91705,0.91979,0.90984,0.91213
2020-08-13,0.91215,0.91223,0.90824,0.90987
2020-08-14,0.90987,0.91224,0.90871,0.90944
2020-08-17,0.90911,0.90968,0.90514,0.90623
2020-08-18,0.90628,0.90685,0.90104,0.90338
2020-08-19,0.90338,0.91543,0.90191,0.91465
2020-08-20,0.91514,0.91617,0.90726,0.90835
2020-08-21,0.90835,0.91398,0.90618,0.9116
2020-08-24,0.91182,0.91281,0.90748,0.91176
2020-08-25,0.91185,0.91263,0.90732,0.90736
2020-08-26,0.90737,0.91208,0.90724,0.90823
2020-08-27,0.90808,0.91238,0.90363,0.90882
2020-08-28,0.90882,0.90998,0.90243,0.90432
2020-08-31,0.90407,0.90534,0.89994,0.90369
2020-09-01,0.90377,0.91008,0.89992,0.90901
2020-09-02,0.90942,0.91366,0.90896,0.91082
2020-09-03,0.91083,0.91425,0.90828,0.90932
2020-09-04,0.90932,0.91635,0.90904,0.91277
2020-09-07,0.91353,0.9173,0.91213,0.91626
2020-09-08,0.91629,0.91999,0.91563,0.91802
2020-09-09,0.91802,0.91905,0.91203,0.91258
2020-09-10,0.91247,0.91257,0.90492,0.91029
2020-09-11,0.91029,0.91064,0.90798,0.90908
2020-09-14,0.90891,0.90987,0.90584,0.90829
2020-09-15,0.90825,0.90889,0.90513,0.90832
2020-09-16,0.90832,0.91106,0.90554,0.90954
2020-09-17,0.90958,0.91389,0.90809,0.90843
2020-09-18,0.90843,0.91135,0.90751,0.91062
2020-09-21,0.91089,0.91714,0.90871,0.91458
2020-09-22,0.9149,0.92077,0.91373,0.91967
2020-09-23,0.91973,0.9244,0.919,0.92378
2020-09-24,0.92379,0.92802,0.92161,0.92624
2020-09-25,0.92655,0.92965,0.92508,0.9291
2020-09-28,0.92885,0.92957,0.92413,0.92473
2020-09-29,0.92475,0.92495,0.91908,0.9201
2020-09-30,0.92011,0.92448,0.91626,0.92045
2020-10-01,0.92045,0.92147,0.91648,0.91845
2020-10-02,0.91845,0.92184,0.91816,0.92069
2020-10-05,0.91948,0.91996,0.91452,0.91566
2020-10-06,0.91569,0.91845,0.91334,0.91824
2020-10-07,0.91824,0.91847,0.91598,0.91689
2020-10-08,0.91689,0.91975,0.91574,0.91733
2020-10-09,0.91727,0.91727,0.90973,0.91029
2020-10-12,0.91073,0.91237,0.90877,0.90927
2020-10-13,0.90915,0.91547,0.90895,0.91472
2020-10-14,0.91505,0.91628,0.91134,0.91326
2020-10-15,0.91329,0.91558,0.91266,0.91443
2020-10-16,0.91443,0.91625,0.91232,0.91496
2020-10-19,0.91481,0.91655,0.90903,0.91039
2020-10-20,0.91048,0.91099,0.90555,0.90705
2020-10-21,0.90691,0.90707,0.90307,0.90485
2020-10-22,0.90482,0.90802,0.90479,0.90736
2020-10-23,0.90736,0.90922,0.90345,0.90398
2020-10-26,0.90503,0.90824,0.90433,0.9082
2020-10-27,0.90824,0.90995,0.90618,0.90936
2020-10-28,0.90932,0.91276,0.90852,0.91039
2020-10-29,0.91039,0.91728,0.90893,0.91596
2020-10-30,0.91597,0.91729,0.91383,0.91693
2020-11-02,0.91684,0.92075,0.91665,0.91866
2020-11-03,0.91869,0.91918,0.9117,0.91225
2020-11-04,0.91225,0.91965,0.90901,0.91286
2020-11-05,0.91295,0.9132,0.90371,0.9049
2020-11-06,0.90454,0.90565,0.89826,0.89999
2020-11-09,0.89959,0.91434,0.8984,0.91366
2020-11-10,0.9138,0.91752,0.91154,0.91487
2020-11-11,0.91485,0.91919,0.91386,0.91706
2020-11-12,0.91707,0.9172,0.91319,0.91487
2020-11-13,0.91487,0.91587,0.91259,0.91288
2020-11-16,0.91274,0.91507,0.90978,0.91258
2020-11-17,0.91258,0.91285,0.90884,0.91135
2020-11-18,0.91132,0.91224,0.90925,0.91136
2020-11-19,0.91127,0.91395,0.91,0.91103
2020-11-20,0.91103,0.91234,0.90919,0.91112
2020-11-23,0.91113,0.91473,0.90765,0.91258
2020-11-24,0.91247,0.91363,0.90985,0.91113
2020-11-25,0.91113,0.9139,0.90781,0.90843
2020-11-26,0.90841,0.90935,0.9061,0.90672
2020-11-27,0.90672,0.90829,0.90406,0.90467
2020-11-30,0.90448,0.90932,0.90195,0.9081
2020-12-01,0.90814,0.909,0.89942,0.89973
2020-12-02,0.89972,0.90135,0.8944,0.89481
2020-12-03,0.8948,0.89539,0.88916,0.89092
2020-12-04,0.89092,0.89171,0.88861,0.89152
2020-12-07,0.89133,0.89466,0.88757,0.89079
2020-12-08,0.89079,0.89141,0.88817,0.88905
2020-12-09,0.88905,0.89146,0.88715,0.88945
2020-12-10,0.88945,0.89017,0.88521,0.88604
2020-12-11,0.88603,0.89092,0.88516,0.88925
2020-12-14,0.88823,0.88958,0.88503,0.88662
2020-12-15,0.88669,0.88807,0.88505,0.88571
2020-12-16,0.88574,0.88919,0.88262,0.88521
2020-12-17,0.88522,0.886,0.88225,0.88423
2020-12-18,0.88426,0.88683,0.88258,0.88389
2020-12-21,0.88515,0.89189,0.88421,0.8863
2020-12-22,0.88626,0.89048,0.88459,0.88954
2020-12-23,0.88955,0.89114,0.88685,0.88849
2020-12-24,0.88845,0.89183,0.88689,0.89135
2020-12-28,0.88987,0.8919,0.88763,0.88927
2020-12-29,0.88927,0.88927,0.88306,0.88386
2020-12-30,0.8838,0.88546,0.88118,0.88149
2020-12-31,0.88144,0.88587,0.87958,0.88503
2021-01-04,0.88386,0.88458,0.87849,0.88119
2021-01-05,0.88124,0.88167,0.8776,0.87844
2021-01-06,0.87841,0.88216,0.87579,0.87877
2021-01-07,0.87867,0.88609,0.87746,0.88531
2021-01-08,0.88528,0.88843,0.88231,0.88528
2021-01-11,0.88602,0.89204,0.88561,0.8903
2021-01-12,0.89033,0.89163,0.88611,0.88672
2021-01-13,0.88672,0.88896,0.88496,0.88776
2021-01-14,0.88777,0.89174,0.88561,0.88822
2021-01-15,0.88822,0.89127,0.88696,0.89125
2021-01-18,0.8909,0.89255,0.88986,0.8907
2021-01-19,0.89076,0.89168,0.88645,0.88858
2021-01-20,0.88856,0.89204,0.88673,0.88947
2021-01-21,0.88951,0.88996,0.88486,0.8851
2021-01-22,0.8852,0.88662,0.88387,0.88555
2021-01-25,0.88568,0.88929,0.8848,0.88796
2021-01-26,0.88796,0.8896,0.88611,0.88694
2021-01-27,0.8869,0.89174,0.88617,0.88865
2021-01-28,0.88863,0.89187,0.887,0.88851
2021-01-29,0.88856,0.89111,0.88746,0.89077
2021-02-01,0.89032,0.89755,0.89008,0.89701
2021-02-02,0.89701,0.89949,0.89473,0.89759
2021-02-03,0.89754,0.90025,0.89707,0.89905
2021-02-04,0.89906,0.90465,0.89839,0.90425
2021-02-05,0.90435,0.90458,0.89894,0.89926
2021-02-08,0.89888,0.90199,0.89824,0.89864
2021-02-09,0.8988,0.89903,0.89197,0.89253
